{"todayhumor.co.kr": {"median_rtt": 13.235, "drop_rate": 0.0, "max_rtt": 97.743}, "google.com": {"median_rtt": 13.620999999999999, "drop_rate": 0.0, "max_rtt": 211.456}, "taobao.com": {"median_rtt": 293.7715, "drop_rate": 2.8000000000000025, "max_rtt": 512.706}, "zanvarsity.ac.tz": {"median_rtt": 391.846, "drop_rate": 2.400000000000002, "max_rtt": 526.934}}